{"cameraMode":{"drawMode":0,"name":"Shaded","section":"Shading Mode"},"sceneLighting":true,"audioPlay":false,"sceneViewState":{"showFog":true,"showMaterialUpdate":false,"showSkybox":true,"showFlares":true,"showImageEffects":true,"showParticleSystems":true},"in2DMode":false,"pivot":{"x":9.905285835266114,"y":-0.2558479309082031,"z":-9.4127197265625},"rotation":{"x":0.20684504508972169,"y":0.35034820437431338,"z":-0.07963335514068604,"w":0.9100185036659241},"size":4.360018253326416,"orthographic":false}